<?xml version="1.0" encoding="UTF-8"?>
<classpath>
	<classpathentry kind="con" path="org.eclipse.jdt.launching.JRE_CONTAINER"/>
	<classpathentry kind="src" path="test"/>
	<classpathentry kind="lib" path="lib/activation.jar"/>
	<classpathentry kind="lib" path="lib/animal-sniffer-annotations.jar"/>
	<classpathentry kind="lib" path="lib/aopalliance.jar"/>
	<classpathentry kind="lib" path="lib/atlassian-event.jar"/>
	<classpathentry kind="lib" path="lib/atlassian-httpclient-apache-httpcomponents.jar"/>
	<classpathentry kind="lib" path="lib/atlassian-httpclient-api.jar"/>
	<classpathentry kind="lib" path="lib/atlassian-httpclient-spi.jar"/>
	<classpathentry kind="lib" path="lib/atlassian-util-concurrent.jar"/>
	<classpathentry kind="lib" path="lib/bsh.jar"/>
	<classpathentry kind="lib" path="lib/byte-buddy.jar"/>
	<classpathentry kind="lib" path="lib/cglib-nodep.jar"/>
	<classpathentry kind="lib" path="lib/commons-beanutils.jar"/>
	<classpathentry kind="lib" path="lib/commons-codec.jar"/>
	<classpathentry kind="lib" path="lib/commons-collections.jar"/>
	<classpathentry kind="lib" path="lib/commons-collections4.jar"/>
	<classpathentry kind="lib" path="lib/commons-configuration.jar"/>
	<classpathentry kind="lib" path="lib/commons-digester.jar"/>
	<classpathentry kind="lib" path="lib/commons-exec.jar"/>
	<classpathentry kind="lib" path="lib/commons-httpclient.jar"/>
	<classpathentry kind="lib" path="lib/commons-io.jar"/>
	<classpathentry kind="lib" path="lib/commons-lang.jar"/>
	<classpathentry kind="lib" path="lib/commons-lang3.jar"/>
	<classpathentry kind="lib" path="lib/commons-logging.jar"/>
	<classpathentry kind="lib" path="lib/commons-net.jar"/>
	<classpathentry kind="lib" path="lib/commons-text.jar"/>
	<classpathentry kind="lib" path="lib/cssparser.jar"/>
	<classpathentry kind="lib" path="lib/error_prone_annotations.jar"/>
	<classpathentry kind="lib" path="lib/gson.jar"/>
	<classpathentry kind="lib" path="lib/guava.jar"/>
	<classpathentry kind="lib" path="lib/hamcrest-core.jar"/>
	<classpathentry kind="lib" path="lib/htmlunit-core-js.jar"/>
	<classpathentry kind="lib" path="lib/htmlunit-driver.jar"/>
	<classpathentry kind="lib" path="lib/htmlunit.jar"/>
	<classpathentry kind="lib" path="lib/httpasyncclient-cache.jar"/>
	<classpathentry kind="lib" path="lib/httpasyncclient.jar"/>
	<classpathentry kind="lib" path="lib/httpclient-cache.jar"/>
	<classpathentry kind="lib" path="lib/httpclient.jar"/>
	<classpathentry kind="lib" path="lib/httpcore-nio.jar"/>
	<classpathentry kind="lib" path="lib/httpcore.jar"/>
	<classpathentry kind="lib" path="lib/httpmime.jar"/>
	<classpathentry kind="lib" path="lib/ivy/ivy.jar"/>
	<classpathentry kind="lib" path="lib/j2objc-annotations.jar"/>
	<classpathentry kind="lib" path="lib/jackson-core-asl.jar"/>
	<classpathentry kind="lib" path="lib/jackson-jaxrs.jar"/>
	<classpathentry kind="lib" path="lib/jackson-mapper-asl.jar"/>
	<classpathentry kind="lib" path="lib/jackson-xc.jar"/>
	<classpathentry kind="lib" path="lib/javadoc/commons-lang-javadoc.jar"/>
	<classpathentry kind="lib" path="lib/javadoc/jira-rest-java-client-core-javadoc.jar"/>
	<classpathentry kind="lib" path="lib/javadoc/poi-javadoc.jar"/>
	<classpathentry kind="lib" path="lib/javadoc/selenium-java-javadoc.jar"/>
	<classpathentry kind="lib" path="lib/javadoc/selenium-server-javadoc.jar"/>
	<classpathentry kind="lib" path="lib/javadoc/testlink-java-api-javadoc.jar"/>
	<classpathentry kind="lib" path="lib/javadoc/testng-javadoc.jar"/>
	<classpathentry kind="lib" path="lib/javax.servlet-api.jar"/>
	<classpathentry kind="lib" path="lib/jaxb-api.jar"/>
	<classpathentry kind="lib" path="lib/jaxb-impl.jar"/>
	<classpathentry kind="lib" path="lib/jcip-annotations.jar"/>
	<classpathentry kind="lib" path="lib/jcommander.jar"/>
	<classpathentry kind="lib" path="lib/jersey-client.jar"/>
	<classpathentry kind="lib" path="lib/jersey-core.jar"/>
	<classpathentry kind="lib" path="lib/jersey-json.jar"/>
	<classpathentry kind="lib" path="lib/jettison.jar"/>
	<classpathentry kind="lib" path="lib/jetty-client.jar"/>
	<classpathentry kind="lib" path="lib/jetty-http.jar"/>
	<classpathentry kind="lib" path="lib/jetty-io.jar"/>
	<classpathentry kind="lib" path="lib/jetty-repacked.jar"/>
	<classpathentry kind="lib" path="lib/jetty-util.jar"/>
	<classpathentry kind="lib" path="lib/jetty-xml.jar"/>
	<classpathentry kind="lib" path="lib/jira-rest-java-client-api.jar"/>
	<classpathentry kind="lib" path="lib/jira-rest-java-client-core.jar"/>
	<classpathentry kind="lib" path="lib/jna-platform.jar"/>
	<classpathentry kind="lib" path="lib/jna.jar"/>
	<classpathentry kind="lib" path="lib/joda-time.jar"/>
	<classpathentry kind="lib" path="lib/jsr305.jar"/>
	<classpathentry kind="lib" path="lib/junit.jar"/>
	<classpathentry kind="lib" path="lib/neko-htmlunit.jar"/>
	<classpathentry kind="lib" path="lib/phantomjsdriver.jar"/>
	<classpathentry kind="lib" path="lib/poi.jar"/>
	<classpathentry kind="lib" path="lib/sac.jar"/>
	<classpathentry kind="lib" path="lib/sal-api.jar"/>
	<classpathentry kind="lib" path="lib/selenium-api.jar"/>
	<classpathentry kind="lib" path="lib/selenium-chrome-driver.jar"/>
	<classpathentry kind="lib" path="lib/selenium-edge-driver.jar"/>
	<classpathentry kind="lib" path="lib/selenium-firefox-driver.jar"/>
	<classpathentry kind="lib" path="lib/selenium-ie-driver.jar"/>
	<classpathentry kind="lib" path="lib/selenium-java.jar"/>
	<classpathentry kind="lib" path="lib/selenium-opera-driver.jar"/>
	<classpathentry kind="lib" path="lib/selenium-remote-driver.jar"/>
	<classpathentry kind="lib" path="lib/selenium-safari-driver.jar"/>
	<classpathentry kind="lib" path="lib/selenium-server.jar"/>
	<classpathentry kind="lib" path="lib/selenium-support.jar"/>
	<classpathentry kind="lib" path="lib/serializer.jar"/>
	<classpathentry kind="lib" path="lib/slf4j-api.jar"/>
	<classpathentry kind="lib" path="lib/slf4j-simple.jar"/>
	<classpathentry kind="lib" path="lib/snakeyaml.jar"/>
	<classpathentry kind="lib" path="lib/spring-beans.jar"/>
	<classpathentry kind="lib" path="lib/spring-context.jar"/>
	<classpathentry kind="lib" path="lib/spring-core.jar"/>
	<classpathentry kind="lib" path="lib/src/commons-lang-src.jar"/>
	<classpathentry kind="lib" path="lib/src/jira-rest-java-client-core-src.jar"/>
	<classpathentry kind="lib" path="lib/src/poi-src.jar"/>
	<classpathentry kind="lib" path="lib/src/selenium-java-src.jar"/>
	<classpathentry kind="lib" path="lib/src/selenium-server-src.jar"/>
	<classpathentry kind="lib" path="lib/src/testlink-java-api-src.jar"/>
	<classpathentry kind="lib" path="lib/src/testng-src.jar"/>
	<classpathentry kind="lib" path="lib/stax-api.jar"/>
	<classpathentry kind="lib" path="lib/testlink-java-api.jar"/>
	<classpathentry kind="lib" path="lib/testng.jar"/>
	<classpathentry kind="lib" path="lib/websocket-api.jar"/>
	<classpathentry kind="lib" path="lib/websocket-client.jar"/>
	<classpathentry kind="lib" path="lib/websocket-common.jar"/>
	<classpathentry kind="lib" path="lib/ws-commons-util.jar"/>
	<classpathentry kind="lib" path="lib/xalan.jar"/>
	<classpathentry kind="lib" path="lib/xercesImpl.jar"/>
	<classpathentry kind="lib" path="lib/xml-apis.jar"/>
	<classpathentry kind="lib" path="lib/xmlrpc-client.jar"/>
	<classpathentry kind="lib" path="lib/xmlrpc-common.jar"/>
	<classpathentry kind="lib" path="C:/jars/java-client-6.0.0-BETA2.jar"/>
	<classpathentry kind="lib" path="C:/jars/selenium-java-evidence.jar"/>
	<classpathentry kind="output" path="bin"/>
</classpath>
