<?xml version="1.0" encoding="UTF-8"?>
<ivysettings>

	<property name="nexus-public"
		value="http://jdev.rio.rj.gov.br/nexus/content/groups/public/" />

	<settings defaultResolver="iplan"/>

	<resolvers>
		<chain name="iplan">
			<ibiblio name="mvnrepository" m2compatible="true" usepoms="true" />
			<ibiblio name="jira" m2compatible="true" root="https://maven.atlassian.com/content/groups/public/" />
<!-- 			<ibiblio name="iplanrio" m2compatible="true" root="${nexus-public}" /> -->
		</chain>
	</resolvers>

</ivysettings>

